date,open,high,low,close,volume
2025-01-01 09:15:00,20.0,20.2,19.8,20.1,10000
2025-01-01 09:20:00,20.03,20.23,19.830000000000002,20.130000000000003,10020
2025-01-01 09:25:00,20.06,20.259999999999998,19.86,20.16,10040
2025-01-01 09:30:00,20.09,20.29,19.89,20.19,10060
2025-01-01 09:35:00,20.12,20.32,19.92,20.220000000000002,10080
2025-01-01 09:40:00,20.15,20.349999999999998,19.95,20.25,10100
2025-01-01 09:45:00,20.18,20.38,19.98,20.28,10120
2025-01-01 09:50:00,20.21,20.41,20.01,20.310000000000002,10140
2025-01-01 09:55:00,20.24,20.439999999999998,20.04,20.34,10160
2025-01-01 10:00:00,20.27,20.47,20.07,20.37,10180
2025-01-01 10:05:00,20.3,20.5,20.1,20.400000000000002,10200
2025-01-01 10:10:00,20.33,20.529999999999998,20.13,20.43,10220
2025-01-01 10:15:00,20.36,20.56,20.16,20.46,10240
2025-01-01 10:20:00,20.39,20.59,20.19,20.490000000000002,10260
2025-01-01 10:25:00,20.42,20.62,20.220000000000002,20.520000000000003,10280
2025-01-01 10:30:00,20.45,20.65,20.25,20.55,10300
2025-01-01 10:35:00,20.48,20.68,20.28,20.580000000000002,10320
2025-01-01 10:40:00,20.51,20.71,20.310000000000002,20.610000000000003,10340
2025-01-01 10:45:00,20.54,20.74,20.34,20.64,10360
2025-01-01 10:50:00,20.57,20.77,20.37,20.67,10380
2025-01-01 10:55:00,20.6,20.8,20.400000000000002,20.700000000000003,10400
2025-01-01 11:00:00,20.63,20.83,20.43,20.73,10420
2025-01-01 11:05:00,20.66,20.86,20.46,20.76,10440
2025-01-01 11:10:00,20.69,20.89,20.490000000000002,20.790000000000003,10460
2025-01-01 11:15:00,20.72,20.919999999999998,20.52,20.82,10480
2025-01-01 11:20:00,20.75,20.95,20.55,20.85,10500
2025-01-01 11:25:00,20.78,20.98,20.580000000000002,20.880000000000003,10520
2025-01-01 11:30:00,20.81,21.009999999999998,20.61,20.91,10540
2025-01-01 11:35:00,20.84,21.04,20.64,20.94,10560
2025-01-01 11:40:00,20.87,21.07,20.67,20.970000000000002,10580
2025-01-01 11:45:00,20.9,21.099999999999998,20.7,21.0,10600
2025-01-01 11:50:00,20.93,21.13,20.73,21.03,10620
2025-01-01 11:55:00,20.96,21.16,20.76,21.060000000000002,10640
2025-01-01 12:00:00,20.99,21.189999999999998,20.79,21.09,10660
2025-01-01 12:05:00,21.02,21.22,20.82,21.12,10680
2025-01-01 12:10:00,21.05,21.25,20.85,21.150000000000002,10700
2025-01-01 12:15:00,21.08,21.28,20.880000000000003,21.18,10720
2025-01-01 12:20:00,21.11,21.31,20.91,21.21,10740
2025-01-01 12:25:00,21.14,21.34,20.94,21.240000000000002,10760
2025-01-01 12:30:00,21.17,21.369999999999997,20.97,21.270000000000003,10780
2025-01-01 12:35:00,21.2,21.4,21.0,21.3,10800
2025-01-01 12:40:00,21.23,21.43,21.03,21.330000000000002,10820
2025-01-01 12:45:00,21.26,21.46,21.060000000000002,21.360000000000003,10840
2025-01-01 12:50:00,21.29,21.49,21.09,21.39,10860
2025-01-01 12:55:00,21.32,21.52,21.12,21.42,10880
2025-01-01 13:00:00,21.35,21.55,21.150000000000002,21.450000000000003,10900
2025-01-01 13:05:00,21.38,21.58,21.18,21.48,10920
2025-01-01 13:10:00,21.41,21.61,21.21,21.51,10940
2025-01-01 13:15:00,21.44,21.64,21.240000000000002,21.540000000000003,10960
2025-01-01 13:20:00,21.47,21.669999999999998,21.27,21.57,10980
2025-01-01 13:25:00,21.5,21.7,21.3,21.6,11000
2025-01-01 13:30:00,21.53,21.73,21.330000000000002,21.630000000000003,11020
2025-01-01 13:35:00,21.56,21.759999999999998,21.36,21.66,11040
2025-01-01 13:40:00,21.59,21.79,21.39,21.69,11060
2025-01-01 13:45:00,21.62,21.82,21.42,21.720000000000002,11080
2025-01-01 13:50:00,21.65,21.849999999999998,21.45,21.75,11100
2025-01-01 13:55:00,21.68,21.88,21.48,21.78,11120
2025-01-01 14:00:00,21.71,21.91,21.51,21.810000000000002,11140
2025-01-01 14:05:00,21.74,21.939999999999998,21.54,21.84,11160
2025-01-01 14:10:00,21.77,21.97,21.57,21.87,11180
2025-01-01 14:15:00,21.8,22.0,21.6,21.900000000000002,11200
2025-01-01 14:20:00,21.83,22.029999999999998,21.63,21.93,11220
2025-01-01 14:25:00,21.86,22.06,21.66,21.96,11240
2025-01-01 14:30:00,21.89,22.09,21.69,21.990000000000002,11260
2025-01-01 14:35:00,21.92,22.119999999999997,21.72,22.020000000000003,11280
2025-01-01 14:40:00,21.95,22.15,21.75,22.05,11300
2025-01-01 14:45:00,21.98,22.18,21.78,22.080000000000002,11320
2025-01-01 14:50:00,22.009999999999998,22.21,21.810000000000002,22.11,11340
2025-01-01 14:55:00,22.04,22.24,21.84,22.14,11360
2025-01-01 15:00:00,22.07,22.27,21.87,22.17,11380
2025-01-01 15:05:00,22.1,22.3,21.900000000000002,22.200000000000003,11400
2025-01-01 15:10:00,22.13,22.33,21.93,22.23,11420
2025-01-01 15:15:00,22.16,22.36,21.96,22.26,11440
2025-01-01 15:20:00,22.19,22.39,21.990000000000002,22.290000000000003,11460
2025-01-01 15:25:00,22.22,22.419999999999998,22.02,22.32,11480
2025-01-01 15:30:00,22.25,22.45,22.05,22.35,11500
2025-01-01 15:35:00,22.28,22.48,22.080000000000002,22.380000000000003,11520
2025-01-01 15:40:00,22.31,22.509999999999998,22.11,22.41,11540
2025-01-01 15:45:00,22.34,22.54,22.14,22.44,11560
2025-01-01 15:50:00,22.37,22.57,22.17,22.470000000000002,11580
2025-01-01 15:55:00,22.4,22.599999999999998,22.2,22.5,11600
2025-01-01 16:00:00,22.43,22.63,22.23,22.53,11620
2025-01-01 16:05:00,22.46,22.66,22.26,22.560000000000002,11640
2025-01-01 16:10:00,22.49,22.689999999999998,22.29,22.59,11660
2025-01-01 16:15:00,22.52,22.72,22.32,22.62,11680
2025-01-01 16:20:00,22.55,22.75,22.35,22.650000000000002,11700
2025-01-01 16:25:00,22.58,22.78,22.380000000000003,22.68,11720
2025-01-01 16:30:00,22.61,22.81,22.41,22.71,11740
2025-01-01 16:35:00,22.64,22.84,22.44,22.740000000000002,11760
2025-01-01 16:40:00,22.67,22.869999999999997,22.47,22.770000000000003,11780
2025-01-01 16:45:00,22.7,22.9,22.5,22.8,11800
2025-01-01 16:50:00,22.73,22.93,22.53,22.830000000000002,11820
2025-01-01 16:55:00,22.759999999999998,22.96,22.560000000000002,22.86,11840
2025-01-01 17:00:00,22.79,22.99,22.59,22.89,11860
2025-01-01 17:05:00,22.82,23.02,22.62,22.92,11880
2025-01-01 17:10:00,22.85,23.05,22.650000000000002,22.950000000000003,11900
2025-01-01 17:15:00,22.88,23.08,22.68,22.98,11920
2025-01-01 17:20:00,22.91,23.11,22.71,23.01,11940
2025-01-01 17:25:00,22.94,23.14,22.740000000000002,23.040000000000003,11960
2025-01-01 17:30:00,22.97,23.169999999999998,22.77,23.07,11980
2025-01-01 17:35:00,23.0,23.2,22.8,23.1,12000
2025-01-01 17:40:00,23.03,23.23,22.830000000000002,23.130000000000003,12020
2025-01-01 17:45:00,23.06,23.259999999999998,22.86,23.16,12040
2025-01-01 17:50:00,23.09,23.29,22.89,23.19,12060
2025-01-01 17:55:00,23.12,23.32,22.92,23.220000000000002,12080
2025-01-01 18:00:00,23.15,23.349999999999998,22.95,23.25,12100
2025-01-01 18:05:00,23.18,23.38,22.98,23.28,12120
2025-01-01 18:10:00,23.21,23.41,23.01,23.310000000000002,12140
2025-01-01 18:15:00,23.24,23.439999999999998,23.04,23.34,12160
2025-01-01 18:20:00,23.27,23.47,23.07,23.37,12180
2025-01-01 18:25:00,23.3,23.5,23.1,23.400000000000002,12200
2025-01-01 18:30:00,23.33,23.53,23.130000000000003,23.43,12220
2025-01-01 18:35:00,23.36,23.56,23.16,23.46,12240
2025-01-01 18:40:00,23.39,23.59,23.19,23.490000000000002,12260
2025-01-01 18:45:00,23.42,23.619999999999997,23.22,23.520000000000003,12280
2025-01-01 18:50:00,23.45,23.65,23.25,23.55,12300
2025-01-01 18:55:00,23.48,23.68,23.28,23.580000000000002,12320
2025-01-01 19:00:00,23.509999999999998,23.71,23.310000000000002,23.61,12340
2025-01-01 19:05:00,23.54,23.74,23.34,23.64,12360
2025-01-01 19:10:00,23.57,23.77,23.37,23.67,12380
2025-01-01 19:15:00,23.6,23.799999999999997,23.4,23.700000000000003,12400
2025-01-01 19:20:00,23.63,23.83,23.43,23.73,12420
2025-01-01 19:25:00,23.66,23.86,23.46,23.76,12440
2025-01-01 19:30:00,23.69,23.89,23.490000000000002,23.790000000000003,12460
2025-01-01 19:35:00,23.72,23.919999999999998,23.52,23.82,12480
2025-01-01 19:40:00,23.75,23.95,23.55,23.85,12500
2025-01-01 19:45:00,23.78,23.98,23.580000000000002,23.880000000000003,12520
2025-01-01 19:50:00,23.81,24.009999999999998,23.61,23.91,12540
2025-01-01 19:55:00,23.84,24.04,23.64,23.94,12560
2025-01-01 20:00:00,23.87,24.07,23.67,23.970000000000002,12580
2025-01-01 20:05:00,23.9,24.099999999999998,23.7,24.0,12600
2025-01-01 20:10:00,23.93,24.13,23.73,24.03,12620
2025-01-01 20:15:00,23.96,24.16,23.76,24.060000000000002,12640
2025-01-01 20:20:00,23.99,24.189999999999998,23.79,24.09,12660
2025-01-01 20:25:00,24.02,24.22,23.82,24.12,12680
2025-01-01 20:30:00,24.05,24.25,23.85,24.150000000000002,12700
2025-01-01 20:35:00,24.08,24.28,23.880000000000003,24.18,12720
2025-01-01 20:40:00,24.11,24.31,23.91,24.21,12740
2025-01-01 20:45:00,24.14,24.34,23.94,24.240000000000002,12760
2025-01-01 20:50:00,24.17,24.369999999999997,23.97,24.270000000000003,12780
2025-01-01 20:55:00,24.2,24.4,24.0,24.3,12800
2025-01-01 21:00:00,24.23,24.43,24.03,24.330000000000002,12820
2025-01-01 21:05:00,24.259999999999998,24.46,24.060000000000002,24.36,12840
2025-01-01 21:10:00,24.29,24.49,24.09,24.39,12860
2025-01-01 21:15:00,24.32,24.52,24.12,24.42,12880
2025-01-01 21:20:00,24.35,24.549999999999997,24.15,24.450000000000003,12900
2025-01-01 21:25:00,24.38,24.58,24.18,24.48,12920
2025-01-01 21:30:00,24.41,24.61,24.21,24.51,12940
2025-01-01 21:35:00,24.439999999999998,24.64,24.240000000000002,24.54,12960
2025-01-01 21:40:00,24.47,24.669999999999998,24.27,24.57,12980
2025-01-01 21:45:00,24.5,24.7,24.3,24.6,13000
2025-01-01 21:50:00,24.53,24.73,24.330000000000002,24.630000000000003,13020
2025-01-01 21:55:00,24.56,24.759999999999998,24.36,24.66,13040
2025-01-01 22:00:00,24.59,24.79,24.39,24.69,13060
2025-01-01 22:05:00,24.62,24.82,24.42,24.720000000000002,13080
2025-01-01 22:10:00,24.65,24.849999999999998,24.45,24.75,13100
2025-01-01 22:15:00,24.68,24.88,24.48,24.78,13120
2025-01-01 22:20:00,24.71,24.91,24.51,24.810000000000002,13140
2025-01-01 22:25:00,24.740000000000002,24.939999999999998,24.54,24.840000000000003,13160
2025-01-01 22:30:00,24.77,24.97,24.57,24.87,13180
2025-01-01 22:35:00,24.8,25.0,24.6,24.900000000000002,13200
2025-01-01 22:40:00,24.83,25.03,24.630000000000003,24.93,13220
2025-01-01 22:45:00,24.86,25.06,24.66,24.96,13240
2025-01-01 22:50:00,24.89,25.09,24.69,24.990000000000002,13260
2025-01-01 22:55:00,24.92,25.119999999999997,24.72,25.020000000000003,13280
2025-01-01 23:00:00,24.95,25.15,24.75,25.05,13300
2025-01-01 23:05:00,24.98,25.18,24.78,25.080000000000002,13320
2025-01-01 23:10:00,25.009999999999998,25.21,24.810000000000002,25.11,13340
2025-01-01 23:15:00,25.04,25.24,24.84,25.14,13360
2025-01-01 23:20:00,25.07,25.27,24.87,25.17,13380
2025-01-01 23:25:00,25.1,25.299999999999997,24.9,25.200000000000003,13400
2025-01-01 23:30:00,25.13,25.33,24.93,25.23,13420
2025-01-01 23:35:00,25.16,25.36,24.96,25.26,13440
2025-01-01 23:40:00,25.189999999999998,25.39,24.990000000000002,25.29,13460
2025-01-01 23:45:00,25.22,25.419999999999998,25.02,25.32,13480
2025-01-01 23:50:00,25.25,25.45,25.05,25.35,13500
2025-01-01 23:55:00,25.28,25.479999999999997,25.08,25.380000000000003,13520
2025-01-02 00:00:00,25.31,25.509999999999998,25.11,25.41,13540
2025-01-02 00:05:00,25.34,25.54,25.14,25.44,13560
2025-01-02 00:10:00,25.37,25.57,25.17,25.470000000000002,13580
2025-01-02 00:15:00,25.4,25.599999999999998,25.2,25.5,13600
2025-01-02 00:20:00,25.43,25.63,25.23,25.53,13620
2025-01-02 00:25:00,25.46,25.66,25.26,25.560000000000002,13640
2025-01-02 00:30:00,25.490000000000002,25.689999999999998,25.29,25.590000000000003,13660
2025-01-02 00:35:00,25.52,25.72,25.32,25.62,13680
2025-01-02 00:40:00,25.55,25.75,25.35,25.650000000000002,13700
2025-01-02 00:45:00,25.58,25.78,25.380000000000003,25.68,13720
2025-01-02 00:50:00,25.61,25.81,25.41,25.71,13740
2025-01-02 00:55:00,25.64,25.84,25.44,25.740000000000002,13760
2025-01-02 01:00:00,25.67,25.869999999999997,25.47,25.770000000000003,13780
2025-01-02 01:05:00,25.7,25.9,25.5,25.8,13800
2025-01-02 01:10:00,25.73,25.93,25.53,25.830000000000002,13820
2025-01-02 01:15:00,25.759999999999998,25.96,25.560000000000002,25.86,13840
2025-01-02 01:20:00,25.79,25.99,25.59,25.89,13860
2025-01-02 01:25:00,25.82,26.02,25.62,25.92,13880
2025-01-02 01:30:00,25.85,26.049999999999997,25.65,25.950000000000003,13900
2025-01-02 01:35:00,25.88,26.08,25.68,25.98,13920
2025-01-02 01:40:00,25.91,26.11,25.71,26.01,13940
2025-01-02 01:45:00,25.939999999999998,26.14,25.740000000000002,26.04,13960
2025-01-02 01:50:00,25.97,26.169999999999998,25.77,26.07,13980
2025-01-02 01:55:00,26.0,26.2,25.8,26.1,14000
2025-01-02 02:00:00,26.03,26.229999999999997,25.83,26.130000000000003,14020
2025-01-02 02:05:00,26.06,26.259999999999998,25.86,26.16,14040
2025-01-02 02:10:00,26.09,26.29,25.89,26.19,14060
2025-01-02 02:15:00,26.12,26.32,25.92,26.220000000000002,14080
2025-01-02 02:20:00,26.15,26.349999999999998,25.95,26.25,14100
2025-01-02 02:25:00,26.18,26.38,25.98,26.28,14120
2025-01-02 02:30:00,26.21,26.41,26.01,26.310000000000002,14140
2025-01-02 02:35:00,26.240000000000002,26.439999999999998,26.04,26.340000000000003,14160
2025-01-02 02:40:00,26.27,26.47,26.07,26.37,14180
2025-01-02 02:45:00,26.3,26.5,26.1,26.400000000000002,14200
2025-01-02 02:50:00,26.33,26.53,26.130000000000003,26.43,14220
2025-01-02 02:55:00,26.36,26.56,26.16,26.46,14240
2025-01-02 03:00:00,26.39,26.59,26.19,26.490000000000002,14260
2025-01-02 03:05:00,26.42,26.619999999999997,26.22,26.520000000000003,14280
2025-01-02 03:10:00,26.45,26.65,26.25,26.55,14300
2025-01-02 03:15:00,26.48,26.68,26.28,26.580000000000002,14320
2025-01-02 03:20:00,26.509999999999998,26.71,26.310000000000002,26.61,14340
2025-01-02 03:25:00,26.54,26.74,26.34,26.64,14360
2025-01-02 03:30:00,26.57,26.77,26.37,26.67,14380
2025-01-02 03:35:00,26.6,26.799999999999997,26.4,26.700000000000003,14400
2025-01-02 03:40:00,26.63,26.83,26.43,26.73,14420
2025-01-02 03:45:00,26.66,26.86,26.46,26.76,14440
2025-01-02 03:50:00,26.689999999999998,26.89,26.490000000000002,26.79,14460
2025-01-02 03:55:00,26.72,26.919999999999998,26.52,26.82,14480
2025-01-02 04:00:00,26.75,26.95,26.55,26.85,14500
2025-01-02 04:05:00,26.78,26.979999999999997,26.58,26.880000000000003,14520
2025-01-02 04:10:00,26.81,27.009999999999998,26.61,26.91,14540
2025-01-02 04:15:00,26.84,27.04,26.64,26.94,14560
2025-01-02 04:20:00,26.87,27.07,26.67,26.970000000000002,14580
2025-01-02 04:25:00,26.9,27.099999999999998,26.7,27.0,14600
2025-01-02 04:30:00,26.93,27.13,26.73,27.03,14620
2025-01-02 04:35:00,26.96,27.16,26.76,27.060000000000002,14640
2025-01-02 04:40:00,26.99,27.189999999999998,26.79,27.09,14660
2025-01-02 04:45:00,27.02,27.22,26.82,27.12,14680
2025-01-02 04:50:00,27.05,27.25,26.85,27.150000000000002,14700
2025-01-02 04:55:00,27.08,27.28,26.880000000000003,27.18,14720
2025-01-02 05:00:00,27.11,27.31,26.91,27.21,14740
2025-01-02 05:05:00,27.14,27.34,26.94,27.240000000000002,14760
2025-01-02 05:10:00,27.17,27.369999999999997,26.97,27.270000000000003,14780
2025-01-02 05:15:00,27.2,27.4,27.0,27.3,14800
2025-01-02 05:20:00,27.23,27.43,27.03,27.330000000000002,14820
2025-01-02 05:25:00,27.259999999999998,27.46,27.060000000000002,27.36,14840
2025-01-02 05:30:00,27.29,27.49,27.09,27.39,14860
2025-01-02 05:35:00,27.32,27.52,27.12,27.42,14880
2025-01-02 05:40:00,27.35,27.549999999999997,27.15,27.450000000000003,14900
2025-01-02 05:45:00,27.38,27.58,27.18,27.48,14920
2025-01-02 05:50:00,27.41,27.61,27.21,27.51,14940
2025-01-02 05:55:00,27.439999999999998,27.64,27.240000000000002,27.54,14960
2025-01-02 06:00:00,27.47,27.669999999999998,27.27,27.57,14980
2025-01-02 06:05:00,27.5,27.7,27.3,27.6,15000
2025-01-02 06:10:00,27.53,27.729999999999997,27.33,27.630000000000003,15020
2025-01-02 06:15:00,27.56,27.759999999999998,27.36,27.66,15040
2025-01-02 06:20:00,27.59,27.79,27.39,27.69,15060
2025-01-02 06:25:00,27.62,27.82,27.42,27.720000000000002,15080
2025-01-02 06:30:00,27.65,27.849999999999998,27.45,27.75,15100
2025-01-02 06:35:00,27.68,27.88,27.48,27.78,15120
2025-01-02 06:40:00,27.71,27.91,27.51,27.810000000000002,15140
2025-01-02 06:45:00,27.74,27.939999999999998,27.54,27.84,15160
2025-01-02 06:50:00,27.77,27.97,27.57,27.87,15180
2025-01-02 06:55:00,27.8,28.0,27.6,27.900000000000002,15200
2025-01-02 07:00:00,27.83,28.03,27.630000000000003,27.93,15220
2025-01-02 07:05:00,27.86,28.06,27.66,27.96,15240
2025-01-02 07:10:00,27.89,28.09,27.69,27.990000000000002,15260
2025-01-02 07:15:00,27.92,28.119999999999997,27.72,28.020000000000003,15280
2025-01-02 07:20:00,27.95,28.15,27.75,28.05,15300
2025-01-02 07:25:00,27.98,28.18,27.78,28.080000000000002,15320
2025-01-02 07:30:00,28.009999999999998,28.21,27.810000000000002,28.11,15340
2025-01-02 07:35:00,28.04,28.24,27.84,28.14,15360
2025-01-02 07:40:00,28.07,28.27,27.87,28.17,15380
2025-01-02 07:45:00,28.1,28.299999999999997,27.9,28.200000000000003,15400
2025-01-02 07:50:00,28.13,28.33,27.93,28.23,15420
2025-01-02 07:55:00,28.16,28.36,27.96,28.26,15440
2025-01-02 08:00:00,28.189999999999998,28.39,27.990000000000002,28.29,15460
2025-01-02 08:05:00,28.22,28.419999999999998,28.02,28.32,15480
2025-01-02 08:10:00,28.25,28.45,28.05,28.35,15500
2025-01-02 08:15:00,28.28,28.479999999999997,28.08,28.380000000000003,15520
2025-01-02 08:20:00,28.310000000000002,28.509999999999998,28.11,28.410000000000004,15540
2025-01-02 08:25:00,28.34,28.54,28.14,28.44,15560
2025-01-02 08:30:00,28.369999999999997,28.57,28.17,28.47,15580
2025-01-02 08:35:00,28.4,28.6,28.200000000000003,28.5,15600
2025-01-02 08:40:00,28.43,28.63,28.23,28.53,15620
2025-01-02 08:45:00,28.46,28.659999999999997,28.259999999999998,28.560000000000002,15640
2025-01-02 08:50:00,28.490000000000002,28.689999999999998,28.29,28.590000000000003,15660
2025-01-02 08:55:00,28.52,28.72,28.32,28.62,15680
2025-01-02 09:00:00,28.549999999999997,28.75,28.35,28.65,15700
2025-01-02 09:05:00,28.58,28.78,28.380000000000003,28.68,15720
2025-01-02 09:10:00,28.61,28.81,28.41,28.71,15740
2025-01-02 09:15:00,28.64,28.84,28.44,28.740000000000002,15760
2025-01-02 09:20:00,28.67,28.869999999999997,28.47,28.770000000000003,15780
2025-01-02 09:25:00,28.7,28.9,28.5,28.8,15800
2025-01-02 09:30:00,28.73,28.93,28.53,28.830000000000002,15820
2025-01-02 09:35:00,28.759999999999998,28.96,28.560000000000002,28.86,15840
2025-01-02 09:40:00,28.79,28.99,28.59,28.89,15860
2025-01-02 09:45:00,28.82,29.02,28.62,28.92,15880
2025-01-02 09:50:00,28.85,29.049999999999997,28.65,28.950000000000003,15900
2025-01-02 09:55:00,28.88,29.08,28.68,28.98,15920
2025-01-02 10:00:00,28.91,29.11,28.71,29.01,15940
2025-01-02 10:05:00,28.939999999999998,29.14,28.740000000000002,29.04,15960
2025-01-02 10:10:00,28.97,29.169999999999998,28.77,29.07,15980
2025-01-02 10:15:00,29.0,29.2,28.8,29.1,16000
2025-01-02 10:20:00,29.03,29.229999999999997,28.83,29.130000000000003,16020
2025-01-02 10:25:00,29.060000000000002,29.259999999999998,28.86,29.160000000000004,16040
2025-01-02 10:30:00,29.09,29.29,28.89,29.19,16060
2025-01-02 10:35:00,29.119999999999997,29.32,28.92,29.22,16080
2025-01-02 10:40:00,29.15,29.35,28.950000000000003,29.25,16100
2025-01-02 10:45:00,29.18,29.38,28.98,29.28,16120
2025-01-02 10:50:00,29.21,29.409999999999997,29.009999999999998,29.310000000000002,16140
2025-01-02 10:55:00,29.240000000000002,29.439999999999998,29.04,29.340000000000003,16160
2025-01-02 11:00:00,29.27,29.47,29.07,29.37,16180
2025-01-02 11:05:00,29.299999999999997,29.5,29.1,29.4,16200
2025-01-02 11:10:00,29.33,29.53,29.130000000000003,29.43,16220
2025-01-02 11:15:00,29.36,29.56,29.16,29.46,16240
2025-01-02 11:20:00,29.39,29.589999999999996,29.189999999999998,29.490000000000002,16260
2025-01-02 11:25:00,29.42,29.619999999999997,29.22,29.520000000000003,16280
2025-01-02 11:30:00,29.45,29.65,29.25,29.55,16300
2025-01-02 11:35:00,29.48,29.68,29.28,29.580000000000002,16320
2025-01-02 11:40:00,29.509999999999998,29.71,29.310000000000002,29.61,16340
2025-01-02 11:45:00,29.54,29.74,29.34,29.64,16360
2025-01-02 11:50:00,29.57,29.77,29.37,29.67,16380
2025-01-02 11:55:00,29.6,29.799999999999997,29.4,29.700000000000003,16400
2025-01-02 12:00:00,29.63,29.83,29.43,29.73,16420
2025-01-02 12:05:00,29.66,29.86,29.46,29.76,16440
2025-01-02 12:10:00,29.689999999999998,29.89,29.490000000000002,29.79,16460
2025-01-02 12:15:00,29.72,29.919999999999998,29.52,29.82,16480
2025-01-02 12:20:00,29.75,29.95,29.55,29.85,16500
2025-01-02 12:25:00,29.78,29.979999999999997,29.58,29.880000000000003,16520
2025-01-02 12:30:00,29.810000000000002,30.009999999999998,29.61,29.910000000000004,16540
2025-01-02 12:35:00,29.84,30.04,29.64,29.94,16560
2025-01-02 12:40:00,29.869999999999997,30.07,29.67,29.97,16580
2025-01-02 12:45:00,29.9,30.1,29.700000000000003,30.0,16600
2025-01-02 12:50:00,29.93,30.13,29.73,30.03,16620
2025-01-02 12:55:00,29.96,30.159999999999997,29.759999999999998,30.060000000000002,16640
2025-01-02 13:00:00,29.990000000000002,30.189999999999998,29.79,30.090000000000003,16660
2025-01-02 13:05:00,30.02,30.22,29.82,30.12,16680
2025-01-02 13:10:00,30.049999999999997,30.25,29.85,30.15,16700
2025-01-02 13:15:00,30.08,30.28,29.880000000000003,30.18,16720
2025-01-02 13:20:00,30.11,30.31,29.91,30.21,16740
2025-01-02 13:25:00,30.14,30.339999999999996,29.939999999999998,30.240000000000002,16760
2025-01-02 13:30:00,30.17,30.369999999999997,29.97,30.270000000000003,16780
2025-01-02 13:35:00,30.2,30.4,30.0,30.3,16800
2025-01-02 13:40:00,30.23,30.43,30.03,30.330000000000002,16820
2025-01-02 13:45:00,30.259999999999998,30.46,30.060000000000002,30.36,16840
2025-01-02 13:50:00,30.29,30.49,30.09,30.39,16860
2025-01-02 13:55:00,30.32,30.52,30.12,30.42,16880
2025-01-02 14:00:00,30.35,30.549999999999997,30.15,30.450000000000003,16900
2025-01-02 14:05:00,30.38,30.58,30.18,30.48,16920
2025-01-02 14:10:00,30.41,30.61,30.21,30.51,16940
2025-01-02 14:15:00,30.439999999999998,30.64,30.240000000000002,30.54,16960
2025-01-02 14:20:00,30.47,30.669999999999998,30.27,30.57,16980
2025-01-02 14:25:00,30.5,30.7,30.3,30.6,17000
2025-01-02 14:30:00,30.53,30.729999999999997,30.33,30.630000000000003,17020
2025-01-02 14:35:00,30.56,30.759999999999998,30.36,30.66,17040
2025-01-02 14:40:00,30.59,30.79,30.39,30.69,17060
2025-01-02 14:45:00,30.619999999999997,30.82,30.42,30.72,17080
2025-01-02 14:50:00,30.65,30.85,30.450000000000003,30.75,17100
2025-01-02 14:55:00,30.68,30.88,30.48,30.78,17120
2025-01-02 15:00:00,30.71,30.909999999999997,30.509999999999998,30.810000000000002,17140
2025-01-02 15:05:00,30.740000000000002,30.939999999999998,30.54,30.840000000000003,17160
2025-01-02 15:10:00,30.77,30.97,30.57,30.87,17180
2025-01-02 15:15:00,30.799999999999997,31.0,30.6,30.9,17200
2025-01-02 15:20:00,30.83,31.03,30.630000000000003,30.93,17220
2025-01-02 15:25:00,30.86,31.06,30.66,30.96,17240
2025-01-02 15:30:00,30.89,31.089999999999996,30.689999999999998,30.990000000000002,17260
2025-01-02 15:35:00,30.92,31.119999999999997,30.72,31.020000000000003,17280
2025-01-02 15:40:00,30.95,31.15,30.75,31.05,17300
2025-01-02 15:45:00,30.98,31.18,30.78,31.080000000000002,17320
2025-01-02 15:50:00,31.009999999999998,31.21,30.810000000000002,31.11,17340
2025-01-02 15:55:00,31.04,31.24,30.84,31.14,17360
2025-01-02 16:00:00,31.07,31.27,30.87,31.17,17380
2025-01-02 16:05:00,31.1,31.299999999999997,30.9,31.200000000000003,17400
2025-01-02 16:10:00,31.13,31.33,30.93,31.23,17420
2025-01-02 16:15:00,31.16,31.36,30.96,31.26,17440
2025-01-02 16:20:00,31.189999999999998,31.39,30.990000000000002,31.29,17460
2025-01-02 16:25:00,31.22,31.419999999999998,31.02,31.32,17480
2025-01-02 16:30:00,31.25,31.45,31.05,31.35,17500
2025-01-02 16:35:00,31.28,31.479999999999997,31.08,31.380000000000003,17520
2025-01-02 16:40:00,31.31,31.509999999999998,31.11,31.41,17540
2025-01-02 16:45:00,31.34,31.54,31.14,31.44,17560
2025-01-02 16:50:00,31.369999999999997,31.57,31.17,31.47,17580
2025-01-02 16:55:00,31.4,31.6,31.200000000000003,31.5,17600
2025-01-02 17:00:00,31.43,31.63,31.23,31.53,17620
2025-01-02 17:05:00,31.46,31.659999999999997,31.259999999999998,31.560000000000002,17640
2025-01-02 17:10:00,31.490000000000002,31.689999999999998,31.29,31.590000000000003,17660
2025-01-02 17:15:00,31.52,31.72,31.32,31.62,17680
2025-01-02 17:20:00,31.549999999999997,31.75,31.35,31.65,17700
2025-01-02 17:25:00,31.58,31.78,31.380000000000003,31.68,17720
2025-01-02 17:30:00,31.61,31.81,31.41,31.71,17740
2025-01-02 17:35:00,31.64,31.839999999999996,31.439999999999998,31.740000000000002,17760
2025-01-02 17:40:00,31.67,31.869999999999997,31.47,31.770000000000003,17780
2025-01-02 17:45:00,31.7,31.9,31.5,31.8,17800
2025-01-02 17:50:00,31.73,31.93,31.53,31.830000000000002,17820
2025-01-02 17:55:00,31.759999999999998,31.96,31.560000000000002,31.86,17840
2025-01-02 18:00:00,31.79,31.99,31.59,31.89,17860
2025-01-02 18:05:00,31.82,32.019999999999996,31.62,31.92,17880
2025-01-02 18:10:00,31.85,32.05,31.65,31.950000000000003,17900
2025-01-02 18:15:00,31.88,32.08,31.68,31.98,17920
2025-01-02 18:20:00,31.91,32.11,31.71,32.010000000000005,17940
2025-01-02 18:25:00,31.939999999999998,32.14,31.740000000000002,32.04,17960
2025-01-02 18:30:00,31.97,32.17,31.77,32.07,17980
2025-01-02 18:35:00,32.0,32.2,31.8,32.1,18000
2025-01-02 18:40:00,32.03,32.23,31.83,32.13,18020
2025-01-02 18:45:00,32.06,32.26,31.86,32.16,18040
2025-01-02 18:50:00,32.09,32.29,31.89,32.19,18060
2025-01-02 18:55:00,32.12,32.32,31.92,32.22,18080
2025-01-02 19:00:00,32.15,32.35,31.950000000000003,32.25,18100
2025-01-02 19:05:00,32.18,32.379999999999995,31.98,32.28,18120
2025-01-02 19:10:00,32.21,32.41,32.01,32.31,18140
2025-01-02 19:15:00,32.24,32.44,32.04,32.34,18160
2025-01-02 19:20:00,32.269999999999996,32.47,32.07,32.370000000000005,18180
2025-01-02 19:25:00,32.3,32.5,32.1,32.4,18200
2025-01-02 19:30:00,32.33,32.53,32.13,32.43,18220
2025-01-02 19:35:00,32.36,32.56,32.16,32.46,18240
2025-01-02 19:40:00,32.39,32.589999999999996,32.19,32.49,18260
2025-01-02 19:45:00,32.42,32.62,32.22,32.52,18280
2025-01-02 19:50:00,32.45,32.65,32.25,32.55,18300
2025-01-02 19:55:00,32.480000000000004,32.68,32.28,32.58,18320
2025-01-02 20:00:00,32.51,32.71,32.31,32.61,18340
2025-01-02 20:05:00,32.54,32.739999999999995,32.34,32.64,18360
2025-01-02 20:10:00,32.57,32.769999999999996,32.370000000000005,32.67,18380
2025-01-02 20:15:00,32.6,32.8,32.4,32.7,18400
2025-01-02 20:20:00,32.629999999999995,32.83,32.43,32.730000000000004,18420
2025-01-02 20:25:00,32.66,32.86,32.46,32.760000000000005,18440
2025-01-02 20:30:00,32.69,32.89,32.49,32.79,18460
2025-01-02 20:35:00,32.72,32.92,32.519999999999996,32.82,18480
2025-01-02 20:40:00,32.75,32.95,32.55,32.85,18500
2025-01-02 20:45:00,32.78,32.98,32.58,32.88,18520
2025-01-02 20:50:00,32.81,33.01,32.61,32.91,18540
2025-01-02 20:55:00,32.84,33.04,32.64,32.94,18560
2025-01-02 21:00:00,32.87,33.07,32.67,32.97,18580
2025-01-02 21:05:00,32.9,33.1,32.7,33.0,18600
2025-01-02 21:10:00,32.93,33.129999999999995,32.730000000000004,33.03,18620
2025-01-02 21:15:00,32.96,33.16,32.76,33.06,18640
2025-01-02 21:20:00,32.99,33.19,32.79,33.09,18660
2025-01-02 21:25:00,33.019999999999996,33.22,32.82,33.120000000000005,18680
2025-01-02 21:30:00,33.05,33.25,32.85,33.15,18700
2025-01-02 21:35:00,33.08,33.28,32.88,33.18,18720
2025-01-02 21:40:00,33.11,33.31,32.91,33.21,18740
2025-01-02 21:45:00,33.14,33.339999999999996,32.94,33.24,18760
2025-01-02 21:50:00,33.17,33.37,32.97,33.27,18780
2025-01-02 21:55:00,33.2,33.4,33.0,33.3,18800
2025-01-02 22:00:00,33.23,33.43,33.03,33.33,18820
2025-01-02 22:05:00,33.26,33.46,33.06,33.36,18840
2025-01-02 22:10:00,33.29,33.489999999999995,33.09,33.39,18860
2025-01-02 22:15:00,33.32,33.519999999999996,33.120000000000005,33.42,18880
2025-01-02 22:20:00,33.35,33.55,33.15,33.45,18900
2025-01-02 22:25:00,33.379999999999995,33.58,33.18,33.480000000000004,18920
2025-01-02 22:30:00,33.41,33.61,33.21,33.510000000000005,18940
2025-01-02 22:35:00,33.44,33.64,33.24,33.54,18960
2025-01-02 22:40:00,33.47,33.67,33.269999999999996,33.57,18980
2025-01-02 22:45:00,33.5,33.7,33.3,33.6,19000
2025-01-02 22:50:00,33.53,33.73,33.33,33.63,19020
2025-01-02 22:55:00,33.56,33.76,33.36,33.66,19040
2025-01-02 23:00:00,33.59,33.79,33.39,33.69,19060
2025-01-02 23:05:00,33.62,33.82,33.42,33.72,19080
2025-01-02 23:10:00,33.65,33.85,33.45,33.75,19100
2025-01-02 23:15:00,33.68,33.879999999999995,33.480000000000004,33.78,19120
2025-01-02 23:20:00,33.71,33.91,33.51,33.81,19140
2025-01-02 23:25:00,33.74,33.94,33.54,33.84,19160
2025-01-02 23:30:00,33.769999999999996,33.97,33.57,33.870000000000005,19180
2025-01-02 23:35:00,33.8,34.0,33.6,33.9,19200
2025-01-02 23:40:00,33.83,34.03,33.63,33.93,19220
2025-01-02 23:45:00,33.86,34.06,33.66,33.96,19240
2025-01-02 23:50:00,33.89,34.089999999999996,33.69,33.99,19260
2025-01-02 23:55:00,33.92,34.12,33.72,34.02,19280
2025-01-03 00:00:00,33.95,34.15,33.75,34.05,19300
2025-01-03 00:05:00,33.98,34.18,33.78,34.08,19320
2025-01-03 00:10:00,34.01,34.21,33.81,34.11,19340
2025-01-03 00:15:00,34.04,34.239999999999995,33.84,34.14,19360
2025-01-03 00:20:00,34.07,34.269999999999996,33.870000000000005,34.17,19380
2025-01-03 00:25:00,34.1,34.3,33.9,34.2,19400
2025-01-03 00:30:00,34.129999999999995,34.33,33.93,34.230000000000004,19420
2025-01-03 00:35:00,34.16,34.36,33.96,34.260000000000005,19440
2025-01-03 00:40:00,34.19,34.39,33.99,34.29,19460
2025-01-03 00:45:00,34.22,34.42,34.019999999999996,34.32,19480
2025-01-03 00:50:00,34.25,34.45,34.05,34.35,19500
2025-01-03 00:55:00,34.28,34.48,34.08,34.38,19520
2025-01-03 01:00:00,34.31,34.51,34.11,34.41,19540
2025-01-03 01:05:00,34.34,34.54,34.14,34.44,19560
2025-01-03 01:10:00,34.37,34.57,34.17,34.47,19580
2025-01-03 01:15:00,34.4,34.599999999999994,34.2,34.5,19600
2025-01-03 01:20:00,34.43,34.629999999999995,34.230000000000004,34.53,19620
2025-01-03 01:25:00,34.46,34.66,34.26,34.56,19640
2025-01-03 01:30:00,34.49,34.69,34.29,34.59,19660
2025-01-03 01:35:00,34.519999999999996,34.72,34.32,34.620000000000005,19680
2025-01-03 01:40:00,34.55,34.75,34.35,34.65,19700
2025-01-03 01:45:00,34.58,34.78,34.38,34.68,19720
2025-01-03 01:50:00,34.61,34.81,34.41,34.71,19740
2025-01-03 01:55:00,34.64,34.839999999999996,34.44,34.74,19760
2025-01-03 02:00:00,34.67,34.87,34.47,34.77,19780
2025-01-03 02:05:00,34.7,34.9,34.5,34.8,19800
2025-01-03 02:10:00,34.73,34.93,34.53,34.83,19820
2025-01-03 02:15:00,34.76,34.96,34.56,34.86,19840
2025-01-03 02:20:00,34.79,34.989999999999995,34.59,34.89,19860
2025-01-03 02:25:00,34.82,35.019999999999996,34.620000000000005,34.92,19880
2025-01-03 02:30:00,34.85,35.05,34.65,34.95,19900
2025-01-03 02:35:00,34.879999999999995,35.08,34.68,34.980000000000004,19920
2025-01-03 02:40:00,34.91,35.11,34.71,35.010000000000005,19940
2025-01-03 02:45:00,34.94,35.14,34.74,35.04,19960
2025-01-03 02:50:00,34.97,35.17,34.769999999999996,35.07,19980
